name,description
Tech Distribuidora,"Principal fornecedora de hardware de alto desempenho"
Global Connect,"Especialista em componentes de rede e conectividade"
Master Eletrônicos,"Varejista de larga escala de produtos de consumo"
Info Trade,"Importadora oficial de acessórios premium"
Alpha Systems,"Soluções completas para infraestrutura de TI"
Logi Partner,"Distribuidor autorizado de periféricos e acessórios"
Power Supply Co,"Especialista em fontes e soluções de energia"
View Tech,"Fornecedor de monitores e soluções visuais"
Swift Logistics,"Parceiro logístico e fornecedor de suprimentos"
Nexus Hardware,"Componentes especializados para servidores"
